{
  "project_info": {
    "project_number": "79630011886",
    "firebase_url": "https://eqdetecter-9a95d.firebaseio.com",
    "project_id": "eqdetecter-9a95d",
    "storage_bucket": "eqdetecter-9a95d.appspot.com"
  },
  "client": [
    {
      "client_info": {
        "mobilesdk_app_id": "1:79630011886:android:2af28145074ded465b92ff",
        "android_client_info": {
          "package_name": "com.example.eqdetector"
        }
      },
      "oauth_client": [
        {
          "client_id": "79630011886-97r120pmc558absbcek9bnhucgcrapru.apps.googleusercontent.com",
          "client_type": 3
        }
      ],
      "api_key": [
        {
          "current_key": "AIzaSyAdNrijPLpUZ9sq_jhhhHBlu-JswbutT-A"
        }
      ],
      "services": {
        "appinvite_service": {
          "other_platform_oauth_client": [
            {
              "client_id": "79630011886-97r120pmc558absbcek9bnhucgcrapru.apps.googleusercontent.com",
              "client_type": 3
            }
          ]
        }
      }
    }
  ],
  "configuration_version": "1"
}